recency,frequency,monetary,tenure,website_visits,time_spent_mins,wishlist_items,cart_abandons,age,income,segment
51.323182441780645,3,8.24,23.437422190190173,3,1.18,0,0,18,31700.0,0
63.59051173473037,1,25.41,4.9653478157724,1,0.82,0,1,33,66600.0,0
46.75138555244683,2,21.68,22.36081496658924,3,1.98,1,1,18,50500.0,0
40.77133183224206,1,16.84,41.2142392171535,3,0.79,1,0,30,51400.0,0
38.829267210148274,2,23.41,18.509466200492604,3,0.9,2,1,35,60200.0,0
51.35753829476486,3,16.69,31.972506657958103,5,3.01,1,0,45,20000.0,0
39.81808888813017,3,15.99,9.916152621237078,2,1.17,0,1,35,34100.0,0
65.86030241494055,3,29.17,21.271185235067357,1,2.43,0,1,32,22000.0,0
94.11771255049511,2,25.94,22.21823318132422,2,1.97,0,0,43,20000.0,0
63.348026315379585,2,23.08,10.464507394322007,4,0.76,1,1,58,45300.0,0
34.497303784161026,2,28.68,14.944665380228937,3,2.14,2,1,35,62300.0,0
116.75907069734757,1,12.85,8.304957928183237,3,1.25,0,1,36,36200.0,0
76.5690191649737,2,29.8,19.195171266022616,5,1.87,0,1,71,65700.0,0
30.41010750662297,2,20.34,21.815840764859683,2,0.79,1,0,34,48900.0,0
20.182287359615255,2,25.06,18.95788739983688,3,1.26,1,0,18,53300.0,0
80.65944398190614,2,27.44,21.1541628841903,1,0.79,1,1,36,69100.0,0
24.008705333734447,1,28.05,4.118545385103319,1,3.01,1,0,42,50500.0,0
76.22604303922634,2,19.91,22.84987307075042,1,2.95,1,1,31,50900.0,0
55.517370104650745,2,18.24,25.70012329088339,4,1.49,2,0,23,20000.0,0
25.708186091503322,1,28.3,14.038097014693191,3,2.44,0,1,54,61200.0,0
57.63143585356831,2,14.72,17.355762449137373,2,2.7,1,1,19,63800.0,0
26.88178985151258,3,28.82,9.889277183407783,2,0.77,1,1,46,70700.0,0
67.65127564057572,0,28.99,21.052888083283538,3,2.5,1,0,30,34400.0,0
28.761042756901933,2,12.3,24.52700832282606,3,0.9,0,1,44,30900.0,0
84.38172097035608,3,24.76,28.498801660376643,1,2.0,0,0,35,43000.0,0
63.186531989571684,1,27.38,4.573967661435581,4,2.69,1,1,18,67000.0,0
81.28102418346111,2,12.66,37.3771649934945,3,2.16,2,0,50,61400.0,0
29.255412339383263,1,18.67,11.43413387250634,2,2.86,2,1,37,55500.0,0
41.890512069645865,2,21.48,17.7523040364384,1,2.17,1,0,27,71500.0,0
68.42740730432838,1,14.07,24.17105020728219,1,2.2,0,0,81,34800.0,0
30.7032629369349,1,14.81,15.620068389003233,2,2.03,1,1,71,20000.0,0
20.90398909637612,3,18.88,35.89155834976009,1,0.95,1,0,34,42200.0,0
75.06091835987363,2,14.97,6.684718402311791,3,1.62,0,0,43,38600.0,0
16.55834653886419,2,24.42,17.54448048798266,1,1.64,2,1,38,28100.0,0
16.464132238136248,1,12.26,35.76530251814811,3,2.08,1,1,43,20000.0,0
74.20301677060577,3,24.05,3.8247195769529085,1,1.81,1,0,42,68700.0,0
39.0494962639539,1,25.51,3.6597430126705244,3,0.86,0,0,40,59900.0,0
52.36440723458701,2,13.58,10.769005500068603,3,2.28,1,1,61,53400.0,0
101.76151861573227,3,29.82,21.54616475313031,2,2.96,1,0,43,25600.0,0
73.14084851935799,1,9.65,18.063773971924842,2,1.64,1,0,23,33100.0,0
71.93250260833142,2,10.02,24.273344958051744,1,0.63,0,1,35,46600.0,0
66.75965294193338,1,18.1,16.34057672861407,4,0.81,1,1,36,47300.0,0
89.11994503048656,1,13.83,26.20946371790448,5,0.53,1,0,26,38300.0,0
48.15879844742679,1,9.8,16.397868459251427,4,3.17,0,1,19,42000.0,0
23.527241170345384,2,17.18,26.267503885628923,5,2.64,0,0,64,32700.0,0
21.97089096040002,2,32.62,15.282183445062879,1,1.21,1,0,45,84200.0,0
105.16502909951004,1,17.05,3.0156546301265,3,0.75,1,0,55,47900.0,0
38.72443813280267,1,13.35,19.55186175309152,2,2.12,0,1,18,58100.0,0
54.42968684651418,2,21.38,17.185517211568765,5,3.2,0,0,43,41700.0,0
46.54787787710831,2,11.94,11.23141749832908,3,2.27,2,0,33,36100.0,0
13.455551427627729,3,25.41,6.381378078754964,1,2.18,0,0,37,52700.0,0
80.53566921828447,2,18.77,19.076046309574263,1,2.49,0,1,33,49600.0,0
76.23825887135253,1,29.05,10.108637772908473,4,3.01,1,1,44,29300.0,0
21.28236336546778,1,29.74,23.40393219290486,1,1.03,0,1,38,25300.0,0
61.19464870021547,1,25.43,5.0358945497677,4,3.94,0,1,26,30800.0,0
71.58676133715203,3,25.6,31.9527486715098,3,0.6,1,0,26,33600.0,0
101.32408643007163,2,17.18,28.02051158919916,4,2.25,1,1,33,39400.0,0
25.773740041159154,2,15.97,28.47974416448318,3,0.57,1,1,33,30300.0,0
79.10281649142127,1,16.97,4.3080919301187555,4,1.15,0,1,41,52300.0,0
58.09613404957696,1,20.84,27.68087796712669,5,1.65,0,0,27,32300.0,0
73.68037809917651,2,26.3,33.508472349121114,3,2.78,1,0,30,41400.0,0
42.047216896866466,1,14.97,15.112980699503813,2,1.88,1,1,58,40000.0,0
22.643491234402966,2,34.44,17.261083333389287,5,2.03,2,0,55,58100.0,0
36.4507142210343,2,9.76,6.198444952831687,4,0.65,2,0,44,49600.0,0
21.145618947456416,2,19.21,5.6013896820241085,3,1.53,1,0,64,38400.0,0
29.290749266701013,1,15.84,19.752732861629966,5,1.04,0,1,68,21300.0,0
45.6913970195423,1,24.45,7.709645151929239,2,1.46,1,0,41,58000.0,0
70.17565295931055,1,12.87,5.551063189655014,1,0.96,0,1,40,52300.0,0
80.8074716345003,2,15.84,7.920188145748939,2,0.83,1,1,34,49300.0,0
55.52316590316049,1,19.2,20.406268659392516,3,0.68,1,1,33,33600.0,0
21.768912459540044,2,35.77,2.7651446899879586,5,1.07,0,0,25,88300.0,0
65.09174856933642,2,43.0,10.066054085931595,4,0.95,2,1,35,46800.0,0
51.74786250159617,1,21.23,8.765106775081804,4,1.47,0,0,33,51400.0,0
95.96122054590559,1,15.94,15.205414105586009,3,3.03,1,1,40,64800.0,0
61.912475086750604,2,27.83,29.525876541646745,2,2.57,1,1,34,85700.0,0
27.5243725905743,1,17.39,17.261703694154576,4,1.91,0,1,32,27000.0,0
74.14572346334633,1,24.25,35.396914454645994,1,1.55,0,1,56,34000.0,0
73.21003867255185,3,21.37,14.745932490726759,5,2.01,1,1,32,37200.0,0
37.38275363872823,1,18.21,16.07952748238286,3,1.24,0,0,18,59800.0,0
75.19635129518132,2,28.17,21.855889131693836,1,2.55,1,1,28,43500.0,0
38.84344612863997,2,22.26,4.699859715607508,2,1.42,0,1,30,50800.0,0
50.96903694748477,2,13.09,12.837091913873643,2,2.81,1,0,32,47400.0,0
26.456927495922024,1,11.45,10.681775840230694,4,2.3,1,1,37,36200.0,0
93.77676295011412,1,25.18,12.919558607395377,2,0.97,1,1,51,64000.0,0
59.190766796808624,1,15.25,4.133322262850811,4,2.73,0,1,44,36600.0,0
64.42767128668157,1,23.46,32.38431175106036,3,1.69,1,1,32,39100.0,0
52.309704337640085,1,20.04,5.0489271090544845,3,2.03,1,1,34,48300.0,0
67.54922298299762,2,16.27,10.5371856511657,1,0.89,1,1,28,44100.0,0
71.21826498097214,1,31.01,32.99561167574688,4,2.33,0,0,23,20000.0,0
53.4556824307834,4,17.73,10.410053374123757,3,2.56,2,0,38,63700.0,0
99.14610378633043,1,30.41,17.021866207018835,2,2.64,1,0,48,57400.0,0
46.9813900943153,1,12.17,24.186237714138407,3,1.73,1,0,38,32700.0,0
43.68671496584993,2,25.59,41.456192518753674,2,1.77,0,0,31,40600.0,0
31.62263712991093,2,33.4,32.904008829445495,4,2.24,1,0,22,20000.0,0
26.810582150027983,1,24.57,8.23353857554104,1,0.73,1,0,21,48100.0,0
28.385206205919594,1,22.7,19.868811845201634,1,1.7,2,0,39,20000.0,0
76.79850133440584,1,25.64,15.302356420581699,3,1.59,0,1,69,41800.0,0
52.57236321982613,2,21.85,22.954891274455452,4,2.7,2,1,33,45900.0,0
44.14975125991414,1,18.45,20.311848252892453,3,2.66,1,1,51,32400.0,0
17.283380041377026,3,16.63,23.12278119151014,1,2.61,0,0,18,27700.0,0
19.682257613313734,2,27.53,9.192703073516007,1,1.52,1,1,34,28900.0,0
34.650936952307454,2,24.1,7.508964316962304,1,1.69,2,1,43,23600.0,0
17.23724932589591,1,14.77,18.163635745781658,2,2.82,0,0,32,34300.0,0
37.989517850031866,2,15.65,15.714507256656661,4,2.59,0,0,43,30400.0,0
73.28496803144367,2,17.44,25.529226932018364,2,2.93,2,0,39,50600.0,0
25.869894096370295,1,17.22,25.362829172694912,1,1.54,1,1,46,61000.0,0
86.09312226296747,2,24.24,19.85121622380194,2,1.33,0,0,49,57400.0,0
52.888630729365275,2,21.56,35.69248785291256,6,1.75,0,0,28,25700.0,0
81.51463619273515,2,16.95,9.925926405903176,3,0.65,1,0,33,54200.0,0
56.796377247041534,1,24.2,18.26154012740275,5,2.12,2,0,42,30600.0,0
38.48690516261748,1,12.69,33.76364203090981,3,0.8,1,0,18,33600.0,0
25.94749171888355,1,32.07,7.838439529398354,2,2.21,1,1,49,68700.0,0
76.05926690551573,1,9.16,28.663246803645414,5,2.59,1,0,39,62600.0,0
116.49136758993858,1,24.05,22.76027618733273,3,1.55,0,1,22,57700.0,0
30.551511809913823,1,22.03,3.6948665088145805,3,1.96,1,1,22,20000.0,0
50.0469724766466,3,20.73,31.96836450223344,1,0.72,1,0,23,49500.0,0
13.384433177658767,2,22.76,23.392626646883922,4,1.3,1,0,33,65200.0,0
28.65542308216163,1,16.02,24.195245548616576,3,3.76,0,0,33,33000.0,0
64.69345743962705,2,16.92,29.10080186989541,2,2.36,0,0,36,59600.0,0
17.616055350828976,3,14.06,42.93639067806946,3,0.99,0,0,51,56200.0,0
62.84215494115594,1,18.97,43.0458097302552,4,0.57,0,1,38,37900.0,0
30.930214162079608,2,13.92,10.061319132958964,5,0.74,1,1,23,43900.0,0
56.027582279483916,2,18.04,26.26919193621981,2,0.7,0,0,18,89900.0,0
71.61399173580777,2,27.4,26.42625676399981,2,2.52,1,1,31,35700.0,0
53.973001978745465,1,19.88,4.736441905919632,2,2.22,1,1,43,61300.0,0
67.37137291122572,1,13.51,5.527491220232145,4,2.88,0,1,42,41100.0,0
77.29477704660877,1,16.63,16.684313934463802,2,2.43,0,1,55,44400.0,0
32.596122302884226,1,25.92,8.609914167789592,1,0.57,0,0,18,93900.0,0
42.68942929443729,2,16.9,36.68593016801323,4,4.02,1,0,34,50800.0,0
81.05350839552439,2,30.03,11.288424599509021,4,2.71,0,0,39,52900.0,0
58.24228326423315,3,19.46,31.526319175190466,5,2.91,1,0,45,40900.0,0
89.08858219739287,2,22.09,31.471587461416508,1,1.34,0,1,24,38700.0,0
38.401226407533585,3,12.13,26.375003691296172,1,3.26,1,0,38,26100.0,0
29.66266802441289,1,33.0,16.79164502728994,3,2.95,0,1,31,33500.0,0
65.17446521329512,2,28.19,21.32502806599039,2,1.76,0,0,36,58300.0,0
48.17128260839068,1,15.85,25.47875263631618,1,0.89,1,0,36,30600.0,0
41.28226847320598,2,20.57,8.476964814424747,2,2.98,1,0,24,53400.0,0
30.39867805031613,2,13.99,27.034530363341773,3,2.77,1,0,18,36800.0,0
76.24917312509565,0,21.65,20.295022539089175,1,0.71,1,0,40,22100.0,0
32.339270274575995,1,25.0,11.807630816587853,4,0.61,1,0,46,50600.0,0
40.34172245232366,1,11.14,26.816678748087543,2,2.1,0,1,33,20000.0,0
75.73332538544287,1,16.14,16.745421810097934,5,1.87,1,1,18,65100.0,0
33.60624371339447,1,24.01,22.12990108617764,4,2.5,1,1,45,38000.0,0
59.203145652714,1,17.59,22.609599452064618,3,2.96,1,0,20,35200.0,0
71.95071137432551,1,30.36,20.635197535657362,4,0.79,0,0,22,59400.0,0
56.05886854043721,2,16.73,12.781277209085292,2,2.22,1,0,35,40200.0,0
99.0385823558587,2,19.63,21.473553587348544,4,1.22,1,0,32,24300.0,0
57.57905396111012,2,24.92,22.35173159432295,3,2.8,2,0,57,41700.0,0
36.45145941241768,2,22.3,32.8943768144815,2,1.79,1,0,38,25100.0,0
21.185820820292463,1,14.69,36.4456056774592,1,2.87,0,0,39,63400.0,0
46.95635453979956,3,16.12,5.945506538481315,2,1.81,2,1,26,38500.0,0
22.253025049288752,3,22.17,5.2653159185907,4,1.32,0,1,34,20200.0,0
68.69088531971721,2,29.21,3.9807590247140974,2,2.02,1,0,18,43400.0,0
48.80192958036674,1,25.08,32.37426803164168,2,0.65,1,1,26,24200.0,0
44.17158408364483,1,24.73,6.40642856748744,3,2.06,2,0,25,32700.0,0
46.04971108495432,1,18.45,8.577682974076655,1,0.68,0,0,66,33300.0,0
46.14025276559614,1,19.55,9.60614828798542,3,1.62,1,1,23,39400.0,0
80.42391559671498,1,35.02,7.0935136970470944,3,1.28,1,1,55,42300.0,0
81.22205278524196,1,22.35,10.16399111282712,1,2.63,2,0,60,37800.0,0
17.71388753249693,1,31.21,36.0736138613203,4,3.12,1,1,23,29000.0,0
17.412601918562853,1,22.71,19.591262563505797,2,2.16,0,1,25,53900.0,0
32.61273328642755,2,26.83,28.128154668230003,2,2.16,0,0,35,37400.0,0
59.4497201765639,2,31.03,14.12322071429469,2,2.4,0,1,34,21000.0,0
33.559904107229684,2,12.13,21.46543757489614,2,1.14,1,0,37,52200.0,0
92.11395030504322,2,20.28,21.608882111608896,1,2.41,1,1,40,54900.0,0
89.02455778794214,1,29.74,9.638942858563798,3,0.67,1,1,34,20000.0,0
34.29589974677557,2,21.93,3.0791887331043943,4,0.81,1,1,24,76400.0,0
73.31128762337602,2,13.21,16.581202251932712,4,3.82,0,0,18,59500.0,0
41.22960889442908,1,19.66,19.384067379955276,2,1.61,0,1,31,46600.0,0
45.43879172525812,1,15.35,27.490995163235716,3,2.51,2,0,49,22300.0,0
56.89261473376675,1,20.17,11.416310355793042,2,2.98,0,0,29,42100.0,0
29.149250473546918,2,24.93,17.055734356116602,3,2.52,0,1,55,34400.0,0
32.14949342534774,3,20.18,24.9764254137018,3,1.21,0,1,25,45900.0,0
91.0782739334379,1,29.09,26.546274477549517,3,3.02,0,0,55,32700.0,0
25.309520635067127,1,31.42,31.218327065325955,3,2.09,0,1,39,58000.0,0
33.10731075493015,3,26.79,9.294966115567298,3,0.71,0,1,31,29200.0,0
59.19153794760811,3,27.55,30.965549815305693,2,3.96,1,0,45,39300.0,0
20.01703631838524,1,25.32,19.815910096048,2,3.28,1,2,20,72300.0,0
65.06108673565541,2,30.46,26.144575161847687,3,0.98,2,1,18,56100.0,0
21.333397624437907,2,28.71,21.74245822832498,4,2.72,1,1,23,29200.0,0
57.75648661614575,1,23.17,10.707852418237502,2,2.15,1,0,34,76700.0,0
36.1272156887344,1,16.77,26.56379572059841,1,2.06,2,1,41,67100.0,0
86.6065653848406,2,18.58,27.321458928855286,4,1.06,0,0,44,42400.0,0
16.789058215515873,2,26.64,15.793063904030744,3,1.97,0,0,28,56200.0,0
39.19994867571978,1,41.68,16.49725669639783,2,2.03,1,0,25,58200.0,0
26.133722248092525,3,39.19,7.429218298785555,1,1.2,1,1,25,39000.0,0
29.721705515247866,1,9.77,15.612503585848708,3,0.64,0,0,44,37000.0,0
15.95820883881686,3,13.06,22.63178692062271,2,1.25,2,0,43,49400.0,0
65.99280572249435,2,26.4,23.318106684447983,2,3.1,1,0,22,30700.0,0
44.10202364768157,2,24.27,15.972977071411908,3,2.67,1,1,33,58400.0,0
29.464595074671305,1,32.65,12.600626384271186,3,0.86,0,0,20,27400.0,0
42.012460460479524,1,31.28,20.114682962268624,4,1.61,0,1,55,20000.0,0
32.31784729068521,2,15.27,34.77112638844681,3,1.39,1,1,49,26600.0,0
113.94543624033614,1,32.46,29.925574279130583,4,1.62,1,1,18,83200.0,0
29.273520231545735,2,25.94,7.534638975976073,3,1.07,2,1,23,41300.0,0
62.92865734522911,1,27.05,17.952088903496083,1,2.19,1,1,34,26800.0,0
50.56848058065682,2,13.92,30.877160795055406,1,3.4,1,1,50,52300.0,0
33.21355573387203,1,20.12,12.359400139037652,4,1.51,1,0,29,59100.0,0
42.20839010420257,1,16.91,34.49550714385255,2,1.3,1,1,51,21100.0,0
99.29529628647268,1,33.49,5.929076662770403,3,1.01,1,1,35,70900.0,0
85.07020492560854,2,15.98,12.053089258868056,5,3.38,2,1,33,52500.0,0
25.79172002406061,2,19.15,9.244137615796715,4,1.68,1,0,35,49700.0,0
48.00349224599655,2,18.94,33.83721858995972,1,1.64,1,0,18,29600.0,0
54.458935256171145,2,15.49,12.314556446918036,2,0.58,1,0,33,79800.0,0
25.794201844103767,1,12.66,26.017915404179686,4,1.58,1,1,59,24200.0,0
15.755126071672747,1,27.17,10.025568642957564,1,0.99,0,1,26,62400.0,0
59.5270769762637,2,22.08,34.49462960534875,1,1.18,1,1,39,40200.0,0
29.333886758357075,3,17.3,35.9904652785646,1,2.08,0,0,22,33200.0,0
47.74898412112174,1,30.01,24.53014535447968,3,0.79,1,0,41,85700.0,0
17.73529596852601,1,13.18,27.547080411953413,1,1.51,2,0,25,33800.0,0
90.98358036118965,1,20.87,19.82671534019984,3,0.82,0,1,56,56700.0,0
75.93746550647094,2,39.33,23.141879597842053,3,2.82,0,0,44,67800.0,0
70.25397370776287,2,17.23,19.130600177955138,3,3.94,1,0,23,42200.0,0
22.389575479385428,2,16.52,30.005710538785788,2,1.69,0,1,33,49000.0,0
50.98943083686786,2,13.05,19.752639664157265,2,2.34,1,0,45,57100.0,0
35.91772164288665,2,22.69,19.033041075486153,4,2.14,0,1,34,67500.0,0
27.398357326839015,1,27.22,10.31986161501567,3,1.59,1,0,37,27900.0,0
56.0020906439117,1,18.74,4.628649607437447,1,2.73,1,1,48,28500.0,0
15.760140911969918,2,20.95,12.025093397335738,2,1.14,2,1,37,54100.0,0
74.55756659284492,2,12.91,10.220642211694383,2,2.44,1,1,39,34900.0,0
61.92587548768176,4,17.34,22.40143590342652,2,3.02,1,1,62,28800.0,0
20.14434606222529,2,15.6,31.633297707087202,3,0.87,0,1,18,54000.0,0
26.15807781043114,2,19.46,10.374591099646437,4,1.37,1,1,18,28200.0,0
85.25885935049664,1,18.23,3.4887596823319753,1,1.83,0,0,49,20000.0,0
89.5638347984188,1,36.37,17.560594324363404,2,0.56,1,0,51,57000.0,0
15.10170235237638,1,16.16,9.602349800854622,3,1.32,0,0,38,49700.0,0
63.824236627235315,1,16.92,31.625489720018898,2,3.44,1,1,19,20000.0,0
37.900282705235185,1,28.35,17.758554389891817,2,2.27,1,0,36,33500.0,0
87.22776641900097,2,29.3,2.8046333687108977,3,1.1,1,1,25,66900.0,0
62.07872467140346,2,22.31,29.804263905036585,4,3.33,1,0,45,66800.0,0
74.83740242994429,1,25.58,36.57917187741789,3,3.3,1,1,21,51200.0,0
64.08112512992054,1,24.93,4.781852240841174,4,0.54,2,0,24,32800.0,0
56.319921247071775,1,19.65,22.984137284467714,1,1.85,1,0,18,37700.0,0
46.05105383614141,1,13.59,10.614012574595078,1,0.77,1,1,37,20000.0,0
81.69379836876885,1,25.75,22.757563980082914,2,2.35,0,0,42,64800.0,0
15.45813321675932,1,18.13,28.546353310544575,2,0.82,0,1,44,76100.0,0
17.991893147314922,2,9.27,14.512566884030939,2,2.37,1,1,40,49200.0,0
14.685681369104053,2,19.7,11.214399916171418,4,3.3,1,0,24,43900.0,0
52.584058383120876,1,33.38,16.62615700233913,3,1.99,1,0,27,102900.0,0
19.96971003021772,1,23.87,8.19851636115119,4,0.4,0,1,21,40900.0,0
30.401954229813537,2,24.45,24.987681355738417,2,2.42,1,1,55,31800.0,0
68.3733341626014,1,7.7,26.220692685817138,1,0.86,1,1,37,48500.0,0
44.28839392321899,1,17.46,18.293568454799686,3,2.63,1,1,22,86200.0,0
21.25320384418826,3,19.86,15.676157066078174,1,0.73,1,1,30,32200.0,0
58.4573718270851,3,31.35,14.288272367568954,2,0.83,1,0,22,36100.0,0
62.93544050173395,3,20.14,27.84833454744123,1,2.04,0,0,29,46900.0,0
88.53447935904958,2,16.17,33.42976720385327,2,2.22,1,1,43,40000.0,0
72.74138166931034,1,13.85,10.654691577412864,4,1.52,1,0,45,84600.0,0
13.994529979542701,2,23.75,21.147930835955986,2,2.74,1,1,30,24300.0,0
76.48660101889712,3,17.9,31.661222104812015,1,3.36,2,1,38,39100.0,0
15.243084071788639,16,36.42,36.578666466467595,11,10.25,7,0,43,56100.0,1
3.843049483318027,10,42.38,25.47350914889394,14,10.83,4,1,28,59400.0,1
7.33339951101526,13,53.15,32.85784379314264,12,11.22,8,3,52,72500.0,1
6.292388668443257,12,69.24,65.60757102518961,9,9.16,11,1,50,64800.0,1
15.958295139014464,11,68.94,72.27091658883859,17,8.48,6,1,40,51700.0,1
12.573251620207058,10,36.12,22.04096343513524,13,5.15,3,2,31,106500.0,1
20.59385536202366,16,46.89,64.62200489312808,22,6.94,6,1,30,53800.0,1
3.78185757473592,17,24.88,51.92642438176375,13,12.34,10,1,67,61700.0,1
6.3962384089987125,12,37.39,17.37426782966008,12,5.65,6,2,61,61900.0,1
5.243970024559327,19,40.34,30.155336805962822,16,5.34,6,4,38,66700.0,1
18.420940245007824,30,37.16,73.43707656932295,6,7.23,10,1,36,26200.0,1
6.020946558303187,13,49.46,30.632047112677608,6,6.28,9,1,35,96800.0,1
1.3436814145296923,8,34.64,25.960568982810585,16,8.32,5,1,45,42400.0,1
11.943769632939228,12,48.11,11.724427013510326,15,6.01,10,1,26,61800.0,1
1.5926216912613418,23,62.04,16.37126989087776,12,10.32,6,2,23,67500.0,1
14.87728182375528,11,63.96,65.4045660805256,14,8.2,4,2,60,38800.0,1
13.495646832926102,12,46.3,49.43158719389334,17,8.15,6,2,45,52300.0,1
20.056484835801516,12,46.9,59.30188576840792,25,11.0,6,2,39,46000.0,1
2.0179351508357923,16,66.3,25.36468774115397,15,7.7,4,1,39,63100.0,1
12.21181848078747,13,54.27,22.022146882431297,19,7.7,4,2,50,70700.0,1
1.058654993052063,15,49.64,32.90383942193307,9,7.66,9,1,30,20700.0,1
11.731966030333265,22,36.45,47.4272101166132,13,6.06,6,2,61,51700.0,1
18.308810709649187,13,61.39,50.502184943920476,12,7.85,3,3,45,108500.0,1
18.091973387962394,11,54.26,25.35342005327043,14,11.49,9,1,52,59200.0,1
1.8422109226287915,18,37.69,30.951935248745812,9,4.79,5,1,51,106100.0,1
14.982135872361813,17,51.86,63.924280430309956,16,8.47,8,2,57,28700.0,1
16.26573423080921,14,37.28,55.89256770850952,12,4.68,10,2,53,62000.0,1
18.089549166315905,15,42.56,17.404368589103157,10,7.94,8,1,35,60800.0,1
16.222525148457947,15,44.92,45.078619750498916,19,11.21,12,2,48,113100.0,1
13.441184562665475,13,39.37,29.57533463036951,13,8.67,4,2,34,58900.0,1
10.606965338129172,6,59.2,25.20631991154289,12,8.64,5,2,29,35300.0,1
9.592353749758853,12,48.25,25.51841001379496,11,6.75,7,1,38,81400.0,1
1.1154727050213322,14,61.01,17.086410249801624,17,9.57,8,3,34,71200.0,1
8.011957652979717,16,55.09,31.150960535825153,9,8.51,4,1,38,66100.0,1
10.194527989163614,12,47.8,20.874706094332463,18,11.89,9,2,60,37500.0,1
9.528166941375751,18,30.66,25.415862987402342,24,6.56,8,2,32,39200.0,1
22.155658469155824,10,38.15,39.08512107950762,9,4.5,2,3,35,136200.0,1
19.15867295938877,26,27.75,36.73112774302029,8,7.53,10,1,44,40000.0,1
2.0897422230972516,12,39.81,14.772720987652061,14,4.9,12,4,48,73200.0,1
10.287587501905353,9,34.36,45.07466613629787,7,8.96,5,1,32,68600.0,1
4.324156351672494,21,40.39,44.790784059492864,8,6.49,7,3,54,72300.0,1
8.47358064774874,16,32.53,18.510032480519413,11,5.03,8,2,52,35000.0,1
3.0881611790320127,9,91.4,17.808324520504875,17,6.69,7,4,55,46000.0,1
18.192746270215803,21,25.82,23.189433750450092,12,7.38,7,2,87,27100.0,1
5.86330967724881,13,43.64,24.4838885512095,9,7.36,6,2,48,44600.0,1
22.28793081130698,13,36.33,41.31208252840494,11,4.55,9,1,50,38100.0,1
18.011331816862775,19,72.89,38.64436556465321,13,10.8,9,3,43,102600.0,1
8.78643279268671,8,27.1,20.291526131883497,12,10.49,9,3,59,26100.0,1
9.970209497887092,7,79.22,39.002818093399654,13,7.31,10,3,88,49300.0,1
7.541895104814761,25,50.55,67.82454216557315,14,5.34,11,3,73,73200.0,1
15.231555475122203,21,40.71,50.21865742182222,10,6.01,5,1,22,20000.0,1
15.041945447907976,10,48.45,46.923653657358905,24,9.81,8,1,55,89400.0,1
14.929706948179671,14,42.42,51.06699556652993,5,6.96,15,1,44,31500.0,1
7.583840771215989,23,44.13,48.34729989315357,22,12.1,8,3,34,63700.0,1
13.528272028766118,21,30.65,26.908092216874287,13,10.64,13,4,32,59700.0,1
7.630175333275162,15,26.9,65.70020036497935,8,7.02,4,2,44,54000.0,1
11.54631531353494,11,61.04,33.19035944243156,14,9.42,5,2,55,38800.0,1
12.354284453000965,10,36.82,52.26188539501886,8,10.64,10,1,23,105100.0,1
6.0307089160726886,10,71.89,33.74666313121721,18,7.96,8,2,39,75400.0,1
20.217640813197708,17,59.47,23.365521056718812,8,9.38,4,1,40,40200.0,1
5.490891212141571,12,36.71,31.46981517102431,8,7.9,8,2,39,62800.0,1
12.407127122559315,23,50.91,67.90652388811162,20,8.73,5,3,18,70900.0,1
3.85976437607679,16,32.26,12.340268089659443,18,9.59,10,2,18,94500.0,1
3.7062731840369088,20,42.4,56.00290672499939,8,6.82,14,2,54,65000.0,1
17.69525601488145,12,50.55,40.710356154929954,8,4.51,8,1,32,76000.0,1
4.952868683818782,9,66.77,34.511680025705864,17,10.57,9,3,51,60400.0,1
19.073418864055874,8,52.83,66.89406159005155,20,9.72,7,2,52,60700.0,1
21.64602687590523,14,33.76,49.65399076058428,14,9.23,5,1,57,61600.0,1
10.573848164429084,15,43.34,38.914845826000445,10,8.05,5,1,48,57000.0,1
6.8183608197520575,21,46.47,24.773244023708504,20,7.89,9,1,82,40700.0,1
3.1569316037085233,13,35.52,38.71418610290158,16,7.39,3,2,54,24700.0,1
1.0638089744639554,9,56.93,52.97267686045742,13,9.85,6,3,40,84100.0,1
1.0863263259275195,18,47.64,47.31484924577934,7,9.66,11,2,18,61000.0,1
10.218743556025162,10,57.96,54.566960535296026,14,5.89,10,2,44,60800.0,1
3.3138088953704,8,36.16,44.826231282739336,9,5.05,4,1,44,41400.0,1
2.9630291731246365,23,42.28,21.78759953151686,18,8.12,9,3,59,31800.0,1
13.840284732811762,17,24.99,24.78826148727959,11,8.56,10,1,69,49500.0,1
18.701641856826978,15,66.13,20.99210725762843,20,8.83,4,1,39,83600.0,1
19.487544313285092,21,67.71,35.16889132066495,8,7.01,10,1,21,87500.0,1
19.628533909138877,11,42.61,9.5475680401749,17,9.11,4,2,46,93400.0,1
6.4116239521727385,19,56.59,32.007042886716555,8,6.15,9,3,42,58100.0,1
20.75341436524237,24,66.3,40.992100020761285,17,9.96,14,1,40,86500.0,1
8.947410469462827,18,45.15,68.26474063296732,6,2.81,6,2,43,58700.0,1
3.8602648479112496,13,67.05,33.36406491804079,10,5.74,10,1,40,75200.0,1
16.228315591926755,15,34.97,14.488343900366354,18,15.31,7,3,42,32600.0,1
7.923344057424794,23,49.32,48.954828970903755,8,6.28,5,1,63,94400.0,1
3.21084400130537,12,42.41,55.29334088806988,11,6.89,5,2,18,55900.0,1
0.8419126752581259,19,49.54,31.207894107250738,17,11.26,5,3,31,20000.0,1
1.9618423617093927,14,44.79,68.39437724610039,13,7.35,11,2,33,45600.0,1
6.3610926678134305,21,41.97,43.27420609752154,14,6.62,12,1,32,70600.0,1
17.939261244335942,19,56.77,38.15134401831669,9,5.26,8,3,43,70100.0,1
7.090422298926516,14,28.43,29.577482430356056,20,4.74,9,3,20,29300.0,1
3.3530707968354343,14,59.33,24.697170960352583,18,12.19,7,3,21,73300.0,1
0.7510466251661635,17,45.56,16.402144606500023,15,5.59,4,2,42,72400.0,1
13.005504909227213,17,63.05,24.311645784423042,18,7.06,9,2,85,50400.0,1
11.05944633231813,18,63.05,43.27415311555325,13,5.69,12,1,37,64700.0,1
6.676128765270143,21,43.79,55.75476229014456,14,6.62,7,2,72,49100.0,1
15.92739560067266,16,33.11,57.14287411460919,8,9.83,9,1,39,49300.0,1
14.874592077554654,13,53.77,63.266716410547794,14,9.22,7,2,34,111900.0,1
15.842457564141139,16,33.71,37.860073645695444,12,4.79,3,4,54,67000.0,1
12.526578648201246,17,40.66,27.105950548723577,9,6.64,5,3,57,34000.0,1
16.17608667046869,10,44.72,54.54129436804143,8,2.97,4,3,55,45900.0,1
8.556330656848887,16,50.93,16.020857839932503,15,7.83,8,1,49,83600.0,1
11.492497078863797,10,45.9,33.86652702114269,12,11.37,4,3,41,21000.0,1
7.689587049002254,13,43.01,53.26908394650608,9,9.19,6,2,56,33000.0,1
0.69023523240786,18,55.64,16.9772880493827,7,4.64,9,2,36,33600.0,1
11.527687040868454,13,62.43,20.493071340083223,10,9.17,11,2,45,66200.0,1
8.807413793481683,9,64.57,28.240724990802814,14,8.84,10,1,46,69500.0,1
6.9901786525919425,13,76.18,57.13766809672057,19,9.52,6,2,38,55600.0,1
6.0688882170469896,10,50.94,23.718424894064896,14,7.09,11,1,62,83800.0,1
8.040952982977153,15,33.17,22.35033177030589,14,7.84,13,3,49,36400.0,1
8.07892506527175,14,49.65,38.94854304447992,19,7.52,9,3,51,65100.0,1
11.909271587832562,9,36.04,45.99777250036611,10,6.57,5,1,32,71900.0,1
12.674239459340015,10,34.38,53.50312142429928,13,8.29,6,2,53,60400.0,1
15.34692880029852,13,56.67,32.53150258256025,10,5.8,4,1,51,117300.0,1
17.587899461524096,17,51.87,35.42287222652593,15,8.84,6,1,49,78500.0,1
1.4349525980269227,23,31.18,34.09994706909656,18,7.88,6,1,32,47200.0,1
6.220640698692162,19,27.6,44.39101708882964,19,9.05,5,2,54,67200.0,1
2.9254997858843668,14,36.5,37.054616838541186,4,5.08,6,1,60,44100.0,1
4.256607886492912,12,59.63,8.081542588674102,12,5.57,8,2,35,92400.0,1
8.141177206217519,13,40.73,12.454907474693297,12,8.32,5,2,64,62600.0,1
2.7221616334595895,8,60.96,33.4757267681849,7,7.19,7,4,59,73600.0,1
5.941669010631312,20,49.39,34.03916457978625,15,9.04,11,1,37,49300.0,1
8.350198082254792,20,29.59,38.28291114747964,20,7.64,8,2,71,62600.0,1
4.832922580169809,18,43.64,40.676215870274596,16,5.44,8,1,38,71400.0,1
5.665271506290095,13,23.88,38.426564813705596,12,4.58,8,2,33,43100.0,1
19.10411414517397,16,37.13,30.123456589508514,9,9.25,6,2,19,61200.0,1
11.987338566938291,16,32.76,82.74423802349713,8,8.61,8,3,35,63800.0,1
20.91264213184157,18,49.53,56.68146640665535,14,7.35,7,1,26,45900.0,1
5.1047434554063384,22,72.37,27.58390918779347,15,8.56,6,2,67,81100.0,1
19.47388652449885,21,56.76,43.18570548340604,13,10.19,7,3,48,53300.0,1
2.9275017127376888,18,33.64,53.95891535635536,14,9.37,10,2,21,50200.0,1
8.929575659603964,18,58.06,22.01708299215354,20,8.08,8,1,43,72600.0,1
19.219009439029538,13,34.75,55.342660041308164,18,5.31,9,3,18,48300.0,1
11.759407111308493,22,51.96,12.25287983112489,9,4.52,10,3,30,21300.0,1
4.038367777494724,14,54.81,30.56367153135418,20,6.81,4,1,49,72500.0,1
6.542650007727418,16,62.14,64.84502954462293,12,8.81,8,2,31,40700.0,1
10.56024800483927,8,59.0,36.092232088629224,12,6.93,6,1,53,53800.0,1
20.0594663540719,18,55.04,41.532785192289545,22,6.23,9,2,53,48800.0,1
15.816264850821137,16,56.15,25.551004233069424,20,12.09,8,3,44,43700.0,1
15.686453732938382,11,30.67,8.964441020198118,9,5.26,4,2,51,62000.0,1
10.870667179684782,14,59.0,20.78114210535255,11,11.66,6,2,80,83300.0,1
2.417016636837004,20,82.26,16.78629810989283,11,3.62,14,2,33,98800.0,1
9.21849263076374,16,39.37,13.48050609106675,7,8.33,4,1,33,51300.0,1
16.258463846211708,22,37.32,48.963049554121824,14,8.45,14,2,18,71700.0,1
17.202203735567586,21,34.46,34.85934621314276,17,5.45,10,1,18,42400.0,1
15.316263838097582,17,54.99,30.45352652177933,12,5.73,12,1,35,66500.0,1
12.279271900111626,16,62.07,11.694169820757146,12,6.21,11,2,73,66700.0,1
14.79953262347876,13,24.63,23.374204863395118,10,8.0,3,1,53,81500.0,1
5.7146315550888716,16,72.2,48.478595666032284,11,6.04,7,3,59,53100.0,1
9.90787719175107,12,52.15,26.468636248577777,9,5.24,9,1,54,117100.0,1
7.249654220261613,15,49.95,25.02601826506657,15,8.99,8,3,40,53800.0,1
3.289396645563486,15,33.98,11.417871064791443,9,5.53,6,2,50,42700.0,1
2.0318570759575585,16,60.89,41.90217738979304,17,6.92,15,2,30,82300.0,1
6.8117269881342235,17,41.75,17.599890473609094,16,5.85,4,2,42,48900.0,1
1.0798143377159386,12,55.31,33.27598534037003,22,8.99,10,1,18,63400.0,1
14.913186889666697,20,23.95,18.56292341807672,10,8.73,6,2,32,43700.0,1
13.083208338230913,13,85.96,24.568890557105366,8,9.72,5,2,40,75400.0,1
11.605091746610732,13,57.43,52.384285264908875,14,10.3,8,2,65,86100.0,1
19.33858291347473,25,35.67,31.708788125566166,8,6.79,4,2,28,55900.0,1
7.743700860268116,7,38.05,32.644028438507114,7,3.35,5,3,51,99700.0,1
15.600929779847647,18,68.11,36.519548068186666,11,7.58,8,2,26,28900.0,1
6.8800178792268465,18,35.66,67.09318288596104,9,5.84,7,1,72,29100.0,1
0.5213512377242648,20,39.98,64.3848183705451,13,11.43,11,2,52,67500.0,1
12.394350714721314,15,45.1,31.403119937258634,12,9.83,8,4,53,79100.0,1
5.442590754496296,13,63.62,39.65921450839869,12,5.2,5,1,35,74400.0,1
16.36408566182595,23,38.82,44.78717474959328,16,8.68,10,1,69,53000.0,1
13.945989687196537,8,33.44,55.58730479740443,10,7.16,5,3,65,26300.0,1
2.0209451588813048,13,53.36,40.73006757442403,11,5.21,11,0,38,69100.0,1
21.77454437636001,19,48.11,49.378279774771244,15,7.01,4,2,47,41200.0,1
3.3702668347538047,17,21.83,17.308695431343025,11,8.96,8,3,39,118400.0,1
9.874288514437195,26,58.54,54.133981816958524,12,7.08,7,1,74,60100.0,1
15.400898610876439,16,48.63,13.044334252405857,12,10.52,5,1,57,137800.0,1
13.87942973827296,14,91.28,10.720077600801927,20,11.53,4,4,34,93500.0,1
5.659684749362859,10,81.02,25.028175888729645,14,7.59,6,1,38,78000.0,1
1.9167216929740172,20,35.61,18.070038516381338,11,7.15,10,3,22,30400.0,1
12.499761075299599,13,31.26,35.253182159044236,15,7.98,3,1,47,44000.0,1
13.90143748076699,13,42.5,20.51281229624956,18,9.77,10,2,45,48500.0,1
15.961303222926325,23,57.37,56.86857911012256,10,7.32,7,4,49,84700.0,1
1.0632485715723172,23,73.67,61.05331771283015,12,6.5,9,1,49,57700.0,1
3.8757069888294167,14,37.3,58.829914933342735,23,10.53,9,1,31,67300.0,1
16.126021810035578,11,31.75,23.46811137645782,21,11.65,8,1,41,44200.0,1
15.409160957011034,23,63.12,41.049174442470765,17,14.45,4,2,66,92500.0,1
6.399911560231394,13,31.35,54.125735749431506,12,7.35,13,3,18,20000.0,1
7.605245724771628,14,52.42,21.901577007735302,18,4.74,9,1,26,44400.0,1
13.563701044393314,20,51.74,44.16973644693285,9,12.36,9,2,18,65900.0,1
15.009291158025658,14,47.29,16.48876345366213,14,7.15,6,2,51,118200.0,1
12.446155957293065,12,65.97,13.971328452187597,12,7.16,9,3,29,36100.0,1
12.966970471922762,18,32.39,69.20329849481372,20,6.2,5,1,20,78300.0,1
5.562239059758266,11,41.55,50.4029266824239,20,7.01,6,2,49,82500.0,1
13.360966125085415,16,47.03,43.446111938629464,15,5.26,8,4,41,80700.0,1
3.596244248203563,15,55.33,11.86001427276142,14,6.09,11,4,31,42800.0,1
12.222041583333374,16,33.25,54.19199282485936,12,8.25,9,1,34,69200.0,1
8.660620100373299,13,51.43,66.92437917859813,12,6.78,6,2,47,36300.0,1
11.896285900944099,10,68.82,41.540479121201024,5,3.47,4,1,20,84600.0,1
8.07672162904166,20,54.64,54.3799655881883,12,6.5,8,3,26,77900.0,1
10.191183431591906,17,60.89,48.95833262495778,13,5.28,6,4,38,40400.0,1
11.058139670345481,19,35.57,31.053539304766606,17,7.49,11,3,74,52900.0,1
16.419041981957005,16,42.3,31.88562488881256,14,9.22,5,1,30,95600.0,1
15.849924669565945,25,32.56,33.84336221394004,17,11.94,6,2,46,41500.0,1
5.688931341857425,33,75.09,48.855894059644356,21,16.01,7,3,18,73700.0,2
11.662075688854602,36,123.28,30.603123796117906,29,16.92,21,4,33,62600.0,2
3.8681664878321884,17,151.77,50.69741733084,14,13.29,21,3,35,109600.0,2
0.8676400309437989,41,177.94,58.96215533928955,22,8.2,16,2,41,122000.0,2
7.451086948019611,20,218.36,28.906505266991996,45,13.56,10,2,18,106900.0,2
8.920002650649678,34,156.47,59.33001469588792,27,21.3,12,7,28,184700.0,2
8.734668272807268,29,223.72,84.47913320653831,36,10.78,15,1,36,173500.0,2
17.67410798550113,20,130.08,50.80632318097922,31,14.55,16,4,44,165800.0,2
10.856976794235315,16,189.12,16.755118841895133,30,12.37,14,6,43,129000.0,2
3.1996315977511127,18,152.51,47.64674299101806,19,7.15,10,2,35,252700.0,2
9.670421826852046,35,99.9,42.18398249673955,21,10.41,18,2,72,141800.0,2
2.7920492510287085,27,81.25,26.16357690698418,23,10.76,13,5,41,66600.0,2
15.094692685523546,37,142.43,30.6592913376563,34,26.53,14,4,47,171200.0,2
4.613887223913858,43,140.92,71.76361382720381,17,8.52,13,2,59,112000.0,2
11.572006837311964,27,135.64,38.13113323187906,36,16.0,12,3,42,114700.0,2
8.348271008033754,27,119.76,42.920925968545475,29,17.83,17,2,36,96800.0,2
9.504433990277438,39,126.05,57.70273522676055,18,25.22,13,4,19,153700.0,2
9.684678235722918,35,134.38,43.05621592997058,36,14.09,16,6,30,73000.0,2
5.925644391317669,47,137.38,56.54618096135604,22,12.78,23,4,74,168800.0,2
7.60810107921661,27,97.35,36.71350015639638,24,8.53,7,3,30,84300.0,2
7.172822084100595,23,120.2,67.00595174971609,39,10.32,9,2,22,58400.0,2
5.183317545996414,37,189.21,63.269802234054225,20,16.49,14,4,33,86700.0,2
8.222563471746653,43,213.25,51.90831069254964,42,17.63,11,2,31,177100.0,2
10.343672151454205,20,247.02,58.924032941524395,19,18.3,7,2,34,194300.0,2
16.418450077949448,35,172.1,54.06661775172979,22,14.52,12,6,55,110700.0,2
1.298356432684812,29,127.75,49.23139347874351,16,9.22,12,2,26,80500.0,2
2.442644110523562,29,114.03,46.679910680872396,24,10.16,20,4,23,93700.0,2
9.588590123886176,30,80.26,24.777104868660565,35,11.25,18,5,24,70000.0,2
4.2725961395070655,32,148.82,38.16073540637506,18,12.02,10,2,44,187800.0,2
3.610629029834213,19,158.84,101.55653352489567,18,8.91,11,4,30,185700.0,2
6.2713482731543975,18,237.82,88.68064557592862,44,6.65,20,2,25,106900.0,2
13.620605220008324,43,98.33,32.83020623368141,26,16.06,26,3,35,65800.0,2
14.969400175135,31,220.4,32.24902643113611,26,7.82,13,2,62,105000.0,2
8.720457388004998,38,148.84,27.717760276645475,23,17.29,22,5,18,90400.0,2
12.732621257395692,24,125.08,69.3996327349725,35,10.75,15,4,38,121000.0,2
13.260753278518301,26,125.0,57.18206055851948,47,12.19,9,2,59,113600.0,2
10.347316683450098,25,181.91,36.22330300931454,25,15.66,9,5,32,197300.0,2
10.61244676974969,55,98.49,76.41904245697593,24,19.12,14,4,45,105400.0,2
8.860346568431265,29,144.47,51.72086848950162,20,18.35,18,2,28,79800.0,2
9.936773264607456,27,179.39,55.6404476547666,5,9.95,12,3,30,93700.0,2
6.043473740111237,39,146.65,37.16209016004972,48,7.24,18,2,47,133500.0,2
1.4109837028972814,36,105.83,81.91732903063735,26,11.38,19,3,48,127400.0,2
9.016610209950144,24,137.44,49.200990263451075,20,12.07,26,5,18,158700.0,2
2.4272974998314036,43,98.58,53.746911966111014,36,11.55,9,5,44,72400.0,2
4.349993612696878,25,167.87,50.82966552088227,30,22.07,16,2,33,99000.0,2
18.20027999890187,16,171.72,70.40139026746841,23,13.31,18,5,18,124000.0,2
9.235766032554663,17,163.82,21.262898196538764,32,11.9,12,6,59,91400.0,2
2.02010915652615,30,137.24,41.50636276020871,28,17.88,15,5,38,122200.0,2
6.767035507433274,34,181.34,30.833193644433717,13,13.0,15,2,24,107600.0,2
14.422997269835331,27,169.63,78.93380748806076,49,12.22,15,2,35,64400.0,2
7.390762056628636,23,175.52,43.7000379400082,44,18.63,14,2,50,111900.0,2
0.9017291440837609,20,213.36,73.97989059076708,28,16.7,18,3,44,115100.0,2
4.6742097517751775,36,132.93,45.79187639769286,23,10.87,15,2,18,95500.0,2
2.2578087864974896,32,215.56,56.2081270421852,22,11.44,8,3,70,198600.0,2
5.948159576991259,29,244.24,18.61317610179407,29,16.66,11,2,33,138300.0,2
12.84977880243347,36,128.12,52.30041055227475,25,5.85,16,3,35,130400.0,2
8.093572028240075,38,194.62,37.63331772270576,26,12.81,12,2,38,122400.0,2
15.025887700202091,28,146.46,19.425931875676532,32,12.54,19,2,43,99100.0,2
6.510479224789396,25,126.87,74.45242568867862,31,18.35,16,2,55,62900.0,2
3.3116077977582803,31,183.23,36.54903691046879,21,18.24,18,2,48,100300.0,2
3.0344604361785814,35,240.22,45.59503474543644,36,14.52,26,4,49,103900.0,2
5.816719209801686,19,194.6,42.38221346828392,13,13.61,8,3,34,135700.0,2
13.493239575159897,49,130.03,52.91328848073476,30,13.88,27,1,23,167300.0,2
11.226531089322286,27,128.6,47.93824494379023,24,12.73,23,3,42,37800.0,2
1.8865173086541074,27,150.03,36.60686951979332,22,15.2,11,3,39,127900.0,2
11.018590647284016,33,136.84,23.356022912152756,41,18.59,19,3,34,50600.0,2
1.2392209271015833,44,212.01,42.376144876555735,21,23.25,28,4,49,201900.0,2
9.637886862511802,18,157.5,45.74369441948816,26,14.32,10,4,43,151200.0,2
8.644645480468245,34,245.86,48.24058506199376,25,7.98,16,1,29,161000.0,2
1.1696596358609737,53,137.51,96.98870443884452,27,21.59,16,2,34,79400.0,2
2.1030228767425863,27,197.37,28.82026342525858,19,9.75,10,2,23,71600.0,2
5.12180900299842,18,140.98,46.01794076280777,25,10.52,15,7,36,172500.0,2
6.497213768784091,19,210.87,27.15168610752647,29,11.88,18,4,46,150700.0,2
4.114486325577438,19,225.71,66.00930803828705,24,6.08,18,2,45,143400.0,2
13.60380802567953,17,104.13,45.53269466815703,47,9.94,19,2,30,153900.0,2
3.642403254388415,45,219.5,50.43511306618191,40,15.3,13,3,29,155300.0,2
8.031506151643688,15,180.7,32.42072102430264,23,13.17,17,6,27,140900.0,2
7.837173238521426,36,82.44,76.50074116492677,21,12.49,9,2,36,96700.0,2
9.571725178265199,34,110.72,60.972525816709314,43,12.79,19,2,41,45800.0,2
9.710492812715,51,189.05,21.593135769061664,54,28.26,17,5,24,151300.0,2
3.697633680935397,17,167.04,65.75319347844487,22,13.85,15,4,50,70500.0,2
4.247625544243391,33,163.56,43.40882332784277,24,9.69,17,5,50,78300.0,2
4.223049564443604,47,96.24,46.15921792908851,22,16.19,17,5,26,97600.0,2
4.687199541325633,38,106.08,56.94438313575291,8,18.49,17,6,18,138100.0,2
1.6031831898730013,35,160.79,54.0408959388158,23,12.6,17,6,41,105100.0,2
5.0088629843025485,23,163.33,49.88179015199629,28,12.29,9,5,24,98700.0,2
5.871444438190882,36,269.68,48.52950705523393,22,10.99,9,3,23,121800.0,2
2.0698675274421454,34,149.21,44.08898140631019,16,10.99,17,3,53,128900.0,2
3.9592473004183466,19,100.88,29.780500398241227,24,15.22,11,2,64,55200.0,2
12.413022902716392,34,235.29,60.34806984009472,31,12.71,12,6,43,102700.0,2
3.3012626380391445,35,79.9,49.130850941095865,25,9.7,11,3,31,152600.0,2
4.1269423250995665,43,149.74,62.864943502435935,41,14.76,9,3,49,122700.0,2
1.847627952715003,26,156.02,32.726246446257825,38,15.36,11,3,27,108300.0,2
1.9229663582187226,51,135.51,76.17186316168149,36,20.21,24,3,22,136900.0,2
1.212433489517732,19,247.57,52.095418068273716,40,14.79,9,1,44,162300.0,2
14.421830994869497,30,175.36,71.60493024373767,24,16.04,15,3,37,70600.0,2
7.413347564351201,42,149.36,38.71823933435323,16,15.22,23,5,32,170100.0,2
12.811570942172814,31,146.81,43.80624975127964,22,13.9,19,5,45,130600.0,2
9.657641260407202,32,205.29,42.538113482107875,20,17.45,16,7,44,103600.0,2
7.451836414766284,49,248.95,46.02908935608595,20,9.48,26,1,31,150000.0,2
1.1544459866966583,33,199.91,57.09280436814963,24,6.29,20,3,38,128300.0,2
6.082687359745166,24,116.57,66.5291541714315,26,19.09,11,2,65,60300.0,2
4.846779817695171,34,88.89,43.75567100514519,12,13.15,11,2,39,76900.0,2
8.947138004890489,40,196.56,44.519537370718425,37,21.78,8,3,46,105900.0,2
4.525509555251627,12,186.27,23.75931835606206,19,16.59,14,3,61,165200.0,2
8.48039573602445,20,197.63,35.98087086508354,36,19.97,15,5,29,167900.0,2
1.2395500055151079,51,136.03,70.82916121488499,15,7.19,26,2,31,83200.0,2
9.88403359011927,28,153.69,66.1597933724356,33,13.43,14,3,33,157200.0,2
15.393004392177223,27,167.26,49.30303720883617,22,17.19,11,4,41,142200.0,2
2.0349109875808864,31,185.12,17.21486291611962,38,22.62,15,3,46,27900.0,2
11.224618217575141,39,115.61,23.276999497449555,21,16.95,8,2,66,58600.0,2
5.189090961608791,40,241.1,24.762716886941817,21,20.88,10,3,45,125900.0,2
10.06489809728006,52,255.79,34.08920167631074,40,19.35,15,4,18,161400.0,2
12.909152098807555,29,124.28,36.293468196024854,17,8.26,20,3,42,146700.0,2
10.836288742568254,19,79.05,75.88962485325783,25,15.14,9,2,29,140800.0,2
5.9501500302108346,45,121.76,30.088742711307752,46,8.7,13,4,39,124300.0,2
6.383665183100246,21,215.74,70.73321876218597,23,23.11,18,2,33,117400.0,2
17.406048753792955,24,185.61,28.18394147514819,30,18.11,12,3,25,94700.0,2
14.784583679480859,24,153.05,34.74388639667666,21,18.38,9,3,32,210200.0,2
3.01216354079203,19,209.21,47.79902208748825,21,17.38,10,3,34,172900.0,2
4.198904864051242,42,133.58,31.331576251094088,42,18.38,12,5,28,121500.0,2
3.884374028517671,31,158.71,53.48068353046874,16,17.27,10,5,38,133300.0,2
11.342540273410705,44,129.04,65.95769870700497,26,15.12,10,4,28,125000.0,2
7.465708312070343,23,162.76,68.11001816970054,31,10.34,9,2,53,133400.0,2
7.567049540197998,34,129.05,41.64221327055265,34,16.82,10,2,29,97500.0,2
6.773599957347153,37,153.68,40.043472459550074,25,24.63,11,7,27,146200.0,2
9.963168998006367,21,134.43,35.57609290360532,21,13.25,26,2,21,86700.0,2
1.2993513571980948,31,139.7,53.4354603908876,23,10.18,17,3,64,102700.0,2
12.579632189242313,23,156.04,49.37230851601132,31,12.84,17,4,46,169800.0,2
6.224528520150111,28,116.55,32.68931488833999,26,11.47,9,3,31,123200.0,2
13.909052220162721,39,165.38,51.696022035261805,44,10.08,13,2,35,122700.0,2
3.353632173152366,14,224.86,53.933652926814865,34,8.72,8,2,41,86600.0,2
4.445654687313322,26,217.33,52.8011305306673,38,15.66,8,2,44,111800.0,2
12.22561550885619,14,138.43,54.6626571268751,31,9.28,12,6,34,93600.0,2
7.474784254933059,31,156.15,56.6532218156542,36,27.66,13,4,18,118600.0,2
12.866313833359964,20,194.64,38.26212761009369,21,17.37,11,6,20,154400.0,2
2.797676573142212,21,112.0,33.15968723573998,42,18.82,11,7,25,78100.0,2
9.570061511629461,19,144.81,28.129523401572605,24,15.58,22,4,48,165100.0,2
3.8590926418313773,24,232.8,71.45899830545586,50,10.65,19,2,28,154900.0,2
4.601800061089411,27,132.43,59.31609936874853,35,14.42,9,3,50,74700.0,2
11.598347105505946,33,235.17,26.196112493473954,31,9.27,9,5,25,108600.0,2
10.117217834743586,18,225.41,66.20891790088699,33,11.55,10,4,24,124100.0,2
9.135909138727499,32,152.66,44.07808787831387,36,19.22,16,2,38,107800.0,2
5.435742187496271,34,137.36,46.52253643948849,28,18.9,12,4,37,93200.0,2
8.383080422029161,42,72.81,82.23858166822365,15,9.51,12,4,37,82200.0,2
11.254510430330933,48,153.94,64.45823452686275,28,20.12,18,6,18,143700.0,2
1.1307517856001448,36,151.41,26.658854915583724,27,10.05,16,3,25,73900.0,2
0.8519691553992896,36,204.66,56.26199384958126,28,14.63,17,5,18,95900.0,2
6.860632761411777,39,91.62,53.51504330651402,33,12.31,20,5,18,152300.0,2
6.978244083168114,18,93.55,25.552090234730596,22,19.38,13,4,46,72000.0,2
28.26941150737826,3,316.42,16.09804644922876,4,5.42,3,2,54,256500.0,3
24.790063134629754,3,364.15,78.15218566848425,8,6.86,1,0,61,242200.0,3
19.132025926776155,3,507.01,71.39695626940285,8,13.96,5,1,80,135500.0,3
45.89788518421585,3,249.96,56.12925638712968,5,10.42,4,1,35,189700.0,3
48.51767309675502,6,300.82,43.26390767928714,12,15.62,3,1,81,165000.0,3
32.19916237089208,2,488.88,77.93674347072461,5,17.39,6,0,29,115100.0,3
48.39461087161066,2,630.35,26.28222836472125,8,8.95,3,0,55,125200.0,3
24.797474942775985,1,343.49,51.92156910658148,7,13.04,2,1,49,219700.0,3
25.976314106346756,4,226.73,5.528158795581373,6,8.46,3,1,54,248300.0,3
33.81203726284496,2,1039.09,22.55263041285903,5,6.87,1,2,65,318200.0,3
34.42058007100738,2,535.28,68.19071663291294,9,11.58,4,1,65,93900.0,3
32.657773018287934,4,313.79,32.96312765360371,4,13.16,1,1,47,219000.0,3
57.11424112984249,3,651.51,70.08155932253653,6,6.97,3,1,69,195500.0,3
45.80131049596248,3,246.4,41.741704242655636,5,7.07,3,0,67,145700.0,3
19.726919849629798,2,524.07,5.492785684179902,12,18.67,2,1,46,177500.0,3
29.332006849237917,5,425.55,19.25779806794105,9,5.92,3,2,55,368200.0,3
16.49604217793339,3,391.22,54.76780551467787,4,12.57,4,1,67,214600.0,3
49.86345642996298,4,592.59,65.41888775246866,7,6.12,1,2,22,277000.0,3
40.13983331964619,3,883.47,16.13914369299781,3,8.89,2,2,45,135100.0,3
57.91959558377421,2,586.21,22.77729138531038,4,8.04,4,0,40,227500.0,3
56.82999671088005,3,644.74,17.869572973306013,8,10.61,1,0,60,195100.0,3
57.16782221157564,3,610.31,54.80860459903487,11,7.35,4,0,40,278700.0,3
54.998216359738095,3,688.54,54.73137661792492,2,10.28,4,1,46,195400.0,3
15.212628279345402,3,447.96,53.404791679012156,3,3.58,5,2,39,266300.0,3
46.14305476750691,2,351.57,22.221844906346192,3,8.8,3,1,50,260700.0,3
22.63648804653993,2,768.05,83.42177480419063,12,17.47,3,0,90,253700.0,3
37.19895580924191,3,332.56,16.42356454388716,3,8.87,4,1,77,165700.0,3
26.52913357768019,2,368.97,13.281253921251713,5,7.18,5,0,45,187400.0,3
45.802046418222126,1,312.86,19.844204132161497,7,5.46,3,2,84,230400.0,3
34.218664646121134,2,681.52,42.08716195054704,7,11.58,3,0,36,231700.0,3
18.330544625188978,2,417.0,62.11718214920364,8,11.48,1,0,33,173400.0,3
43.19350333891079,2,567.44,74.52035922280932,8,5.11,1,0,50,211700.0,3
55.89102212390655,2,517.21,62.57487657589456,8,6.87,5,0,53,121200.0,3
65.85283769061418,2,377.95,59.18953633666602,7,7.23,3,0,30,92200.0,3
20.078282015398244,3,690.78,40.357629290715856,4,8.19,2,1,51,69200.0,3
20.474196096946987,4,611.48,87.82880519496057,3,9.45,1,1,24,330500.0,3
12.473703930835834,3,551.81,35.810751068308896,9,8.31,4,2,67,115300.0,3
20.89832385134697,4,432.92,21.597142792993512,7,11.65,4,1,53,242900.0,3
29.896142171693914,1,657.92,26.393140320275453,10,10.17,4,0,66,227200.0,3
44.96364591186702,6,306.45,22.396093604592387,4,6.16,5,1,53,256100.0,3
15.046737041428655,3,421.94,54.95793060172722,10,6.1,2,1,35,193300.0,3
47.54768438701522,5,400.18,36.4401346622859,6,6.48,3,1,59,177400.0,3
53.84367716516806,3,669.85,44.94080033175101,5,7.48,4,0,62,243200.0,3
31.132092706360435,4,706.45,52.917363144847705,8,5.11,2,1,30,135500.0,3
51.23780605836282,4,697.1,48.09391710732721,4,13.0,4,2,68,205800.0,3
31.041642318396153,2,286.97,19.81387412416484,6,8.3,5,2,66,125000.0,3
36.2376622916935,2,412.81,53.211930135682195,4,11.04,5,1,43,188100.0,3
51.070072208032734,6,562.03,40.3436884153179,10,9.14,2,2,85,113900.0,3
27.25794985545886,3,587.4,35.71068317293322,10,7.8,3,1,57,198700.0,3
23.02828942696839,3,360.61,37.08788641226713,4,13.62,2,2,68,81100.0,3
24.006123095549658,3,468.06,13.611608474881505,8,7.61,1,0,63,111700.0,3
41.11210379802463,4,352.1,30.71067892957507,6,10.72,4,1,39,105400.0,3
45.061649877535935,3,669.62,75.95486034838582,5,9.6,1,1,44,175100.0,3
44.819031799709215,3,882.88,37.83878139063298,6,9.86,4,0,68,132300.0,3
55.401934392836225,5,494.22,19.25589024758724,4,14.41,2,2,46,140800.0,3
28.354146880997078,2,247.59,15.46883711253332,4,9.3,5,2,18,207300.0,3
40.740925259560534,2,283.96,29.26079807106094,5,6.62,2,0,90,223400.0,3
49.52311634137608,4,706.18,12.43710980714934,6,6.72,3,0,37,135700.0,3
24.07305934480255,4,530.05,7.6295181227908335,5,6.11,6,2,58,171000.0,3
60.9856147737236,4,479.03,13.240929880474678,6,9.42,2,1,50,240700.0,3
34.81420459737529,6,347.6,59.30973848789646,5,9.66,3,1,34,289200.0,3
32.782373985091894,4,385.42,17.023892709960652,3,16.51,4,0,37,294100.0,3
38.17516421794115,2,720.46,30.407802818600565,5,12.46,4,1,18,188100.0,3
24.59700538704446,6,1107.94,19.2828702006779,2,12.46,4,1,84,333300.0,3
36.55188003063849,1,960.73,14.559129673688412,6,8.48,3,1,73,297300.0,3
45.764307907552606,2,620.35,43.704269112414245,6,10.24,3,2,38,280600.0,3
19.12420769086659,3,557.51,44.29750564080206,6,5.42,5,0,34,185300.0,3
42.5849889344496,3,786.28,21.85450079400822,4,12.11,4,2,34,113100.0,3
33.97469523152798,3,429.37,19.23902349457729,4,13.73,3,1,47,186200.0,3
43.89270662616762,4,838.24,20.299572965482664,7,12.33,3,1,39,119000.0,3
36.26237083464721,1,286.94,16.287546473066342,7,5.84,2,3,29,279600.0,3
25.034727801913576,3,622.36,35.45187649986177,9,9.42,2,2,63,197200.0,3
28.909250671877878,4,553.9,28.920083206532613,1,6.46,2,2,42,268700.0,3
19.285215543029704,3,783.91,6.84762976279963,7,7.39,1,1,52,299600.0,3
30.34527065625776,2,826.89,68.45387764163658,5,9.55,3,0,65,254500.0,3
38.932063488759276,3,440.46,53.093638555774554,3,11.55,7,2,70,149500.0,3
73.04865139353633,3,531.44,13.07400364430611,5,7.26,3,0,64,268900.0,3
27.731279548836746,3,483.42,19.70963036777661,11,6.33,2,1,81,177900.0,3
23.165371680818474,1,595.74,33.50340078474065,6,11.57,3,1,46,232300.0,3
42.102739788209405,5,598.44,8.800165843076309,10,10.16,3,1,72,326400.0,3
59.00415835433424,4,194.18,44.85542953565779,5,10.35,3,2,71,165200.0,3
53.170171932275856,2,775.43,48.940027648398285,7,10.66,3,2,33,243900.0,3
16.98412042893585,3,629.45,31.58402736142098,3,6.82,4,0,35,119900.0,3
67.24792621055371,5,368.76,36.19618501848868,8,9.35,5,1,37,124100.0,3
50.636273951764196,4,323.85,69.95742917422892,5,8.62,2,2,23,217200.0,3
52.37875156348868,2,412.31,53.69351410732792,8,9.08,3,1,42,231100.0,3
44.525462329024805,3,557.65,66.780292912291,11,6.25,2,2,43,131700.0,3
43.985573318696474,3,926.16,26.302097960138223,7,4.75,1,2,50,168600.0,3
17.928403942132302,3,589.22,59.842089796113775,4,7.0,3,2,60,177000.0,3
57.677055282803614,2,369.77,60.585793578643475,8,7.64,2,1,46,248400.0,3
53.64898733030695,3,671.94,6.526733255668915,4,10.37,2,1,56,119200.0,3
18.513357194212713,4,497.31,17.151020052315374,5,3.75,4,1,51,252500.0,3
20.529991788494677,2,492.26,21.067424710974667,5,2.96,7,1,70,298600.0,3
68.41026239069747,1,515.56,45.53072692419305,6,8.03,4,0,29,317900.0,3
44.74854503240285,2,453.63,41.39598156639814,9,6.14,4,2,41,204600.0,3
28.81220325994813,4,450.73,41.193130177846996,5,5.88,1,0,65,198600.0,3
19.98082792093021,4,796.26,21.945542726139827,9,8.31,5,1,90,95000.0,3
24.261941433337032,2,572.54,43.632737266992066,7,12.35,4,1,49,194200.0,3
44.9952004138023,2,432.11,12.573596996357004,8,8.66,6,0,63,210500.0,3
28.124324412987477,2,526.4,59.52450801473433,5,5.37,4,2,57,112000.0,3
17.486343061565435,1,65.28,1.305684451572433,3,6.63,0,3,19,63600.0,4
8.097574159118494,1,42.07,0.0,12,3.28,3,2,38,96400.0,4
35.360889616954495,1,99.99,1.0983199300517037,2,3.15,5,1,18,120600.0,4
11.275082881763115,1,70.92,1.1528884241994035,4,4.07,3,1,51,100400.0,4
19.048228703628293,1,85.76,0.0,6,6.17,1,4,28,52000.0,4
7.741019907521136,1,22.56,1.0920656780022364,1,5.48,6,1,20,85400.0,4
33.39796944673193,1,26.98,0.0,13,2.87,4,0,24,68100.0,4
16.294600435774747,1,35.57,0.0,4,8.13,5,3,32,31500.0,4
23.70260368139295,1,100.98,0.0,11,4.47,4,3,18,65100.0,4
34.29913380896304,1,51.41,0.0,3,3.87,6,0,23,106500.0,4
18.365034027797353,1,30.87,0.0,14,5.42,6,1,46,44300.0,4
28.271313368570375,1,66.17,1.0902877533066953,1,3.47,5,3,28,81900.0,4
19.71249136699327,1,44.39,0.0,4,6.51,0,0,24,64100.0,4
1.2065948469828063,1,69.23,0.0,14,4.91,5,0,22,40200.0,4
26.0497035752371,1,21.0,1.1075239607039178,13,2.95,6,1,43,97100.0,4
1.110932819473765,1,21.07,1.1522348078103277,2,3.8,3,3,24,54600.0,4
11.474159650211234,1,36.87,0.0,5,4.99,4,4,24,59600.0,4
2.5218671807758133,1,8.78,0.7146345085760453,6,7.95,7,4,18,20000.0,4
18.533919587111317,1,41.14,0.0,10,4.49,5,3,30,53400.0,4
9.20315183644987,1,65.35,0.8216302574544573,2,4.68,2,1,24,76300.0,4
18.880520747022338,1,46.77,1.043830471930816,2,3.09,5,0,35,62300.0,4
24.243683133209643,1,56.11,0.0,6,3.07,3,4,24,94300.0,4
39.23948358690252,1,85.62,0.9300986246082459,4,5.29,2,2,43,93400.0,4
7.719991345735876,1,33.69,1.1693542218016488,2,6.11,3,2,36,58600.0,4
15.489636195164946,1,57.96,0.885462161914407,11,2.0,2,0,40,86300.0,4
18.064761238420655,1,43.93,1.0165430478119424,1,3.57,6,3,31,105100.0,4
11.0289850088019,1,38.54,0.0,1,3.1,0,2,18,20000.0,4
31.946820877658325,1,19.2,1.0695036071810538,9,8.58,1,0,18,20000.0,4
19.298141656891964,1,49.51,1.2279608432500972,11,1.56,3,0,27,242500.0,4
22.47569112608267,1,51.13,0.7664998352238571,12,6.12,7,3,32,31000.0,4
11.775565208756504,1,40.62,1.049141987489447,6,3.57,6,3,19,64900.0,4
21.365274574822045,1,95.92,0.7377624332966295,6,2.56,1,0,21,120300.0,4
13.586566478470044,1,32.28,0.8842074756914926,15,5.97,5,2,23,51100.0,4
9.44681388313938,1,99.93,1.0445959710628587,5,2.84,3,3,36,112000.0,4
20.808113014170168,1,74.44,1.02324150489396,8,6.36,5,1,55,121000.0,4
9.813724915504562,0,124.48,0.0,10,6.12,3,0,27,73800.0,4
7.028858486603783,1,48.43,0.0,7,5.19,2,3,43,55600.0,4
18.86561101850404,1,69.35,0.0,4,6.35,2,1,18,133000.0,4
10.825558947413484,1,32.93,0.0,3,6.99,0,1,26,33500.0,4
4.712439033369768,1,24.76,0.0,2,4.54,1,4,45,80600.0,4
1.639538019464418,1,26.61,0.0,10,3.83,6,1,45,67700.0,4
9.091189278806633,1,104.66,1.3423519435967548,7,5.22,0,1,22,85000.0,4
2.835669532095348,1,50.65,1.054893667127313,6,3.73,2,3,28,47500.0,4
12.16277294531132,1,71.35,0.0,3,3.23,5,1,18,71400.0,4
31.19080493618739,1,79.97,1.0093872596830455,7,5.29,4,6,27,110400.0,4
16.143736429198867,1,150.43,0.0,9,3.7,0,1,20,107600.0,4
23.003547675258307,1,79.97,0.9866468142408218,1,3.04,3,4,39,45700.0,4
25.5101143549769,1,98.46,0.0,16,6.11,4,1,18,54700.0,4
10.23948241572101,1,68.33,0.0,14,4.55,5,2,18,30700.0,4
20.278885021185097,1,52.74,1.154616474470855,6,6.77,2,1,26,106200.0,4
18.12100997248011,1,61.51,0.0,12,3.46,4,1,18,62900.0,4
3.5781735814735898,1,81.05,0.0,9,6.72,4,0,26,51500.0,4
13.291174535135319,1,77.93,0.0,11,5.95,3,3,24,80000.0,4
15.751038730626863,1,92.85,0.0,8,3.97,4,2,47,52000.0,4
6.690339592096492,1,30.7,0.9430365731432068,5,4.01,5,2,30,67900.0,4
12.81116167951971,1,55.81,0.8445874933673944,11,7.27,3,4,18,31800.0,4
1.2346458182586997,1,55.97,0.693321582216254,8,3.09,5,1,18,72300.0,4
6.088888882904156,1,103.12,0.0,5,5.28,3,3,29,57900.0,4
9.211673458327022,1,33.92,0.6011224850117651,4,4.58,1,1,26,34200.0,4
3.354195974665007,1,52.17,1.0119925715391414,14,4.82,4,0,18,106400.0,4
18.394070423743827,1,43.59,0.0,4,5.83,0,6,44,20000.0,4
18.985684281953915,1,69.19,1.0916961247602768,1,4.02,1,2,18,87100.0,4
15.618574068117553,1,85.29,0.8222223465950981,10,3.78,3,3,45,111700.0,4
6.244624090470665,1,39.69,0.0,4,8.45,5,4,39,108600.0,4
25.29896966638913,1,90.3,0.675535877341247,2,5.67,5,1,23,140300.0,4
31.85028402971797,1,93.59,0.0,5,4.44,4,0,29,115100.0,4
7.227021158617513,1,31.13,0.7991775150483107,12,6.7,5,5,22,26700.0,4
6.146818679265664,1,44.18,0.9574280234487266,3,2.7,6,1,33,20000.0,4
3.73615785744365,1,32.58,0.0,10,3.68,8,1,18,105200.0,4
24.96680395523371,1,70.7,1.4383276510109975,1,6.55,3,4,21,110000.0,4
8.826510478539976,1,117.7,1.0646083247574758,14,7.91,4,3,30,39600.0,4
14.297239216620323,1,74.15,1.0523669224210237,14,6.27,0,2,28,91200.0,4
22.05072789893993,1,76.61,1.12953773965196,5,6.17,5,1,26,21100.0,4
8.14650896610302,1,79.82,0.0,14,4.86,4,1,50,49500.0,4
11.296580372268888,1,77.94,0.0,7,8.17,6,0,31,126300.0,4
9.976554468809113,1,35.61,1.179944074605907,10,3.31,4,1,39,40300.0,4
20.019237833511564,1,52.53,1.1097173951333994,9,6.78,2,0,28,84800.0,4
6.113381252790412,1,78.53,1.2603931974789797,4,6.17,3,1,44,81600.0,4
11.5811935439387,1,40.92,0.979044644718978,1,5.52,1,2,28,71200.0,4
28.626999389308374,1,65.2,0.0,8,2.35,3,1,29,47200.0,4
21.205196967789224,1,31.49,0.0,3,4.02,3,1,48,20000.0,4
1.2971190645929296,1,45.48,0.9963690146816511,3,6.13,0,1,26,86600.0,4
10.68763295469541,1,37.28,0.9591892425753644,9,3.21,3,2,29,140000.0,4
21.723340463706098,1,61.32,0.9165725398060457,6,9.99,3,1,43,106200.0,4
7.26238127456246,1,69.56,1.1054877303719994,4,2.82,0,4,22,69500.0,4
10.597114305185451,1,22.27,0.0,2,4.97,5,2,18,20000.0,4
1.1069015096413424,1,86.49,1.1708738640698844,7,7.54,2,1,48,66800.0,4
27.276537376513062,0,52.05,1.0628083058616946,6,6.9,3,0,29,83000.0,4
28.370127779274263,1,89.44,1.1788193351907412,5,6.22,3,2,42,65700.0,4
24.262240744238234,1,13.64,0.0,8,9.57,2,3,60,70700.0,4
6.118950950971392,1,48.99,0.0,12,3.01,0,1,18,42600.0,4
19.944147870200187,1,75.57,0.0,6,6.01,2,0,18,119400.0,4
0.9563761078698368,1,63.48,0.0,5,1.46,2,0,36,93000.0,4
9.031941326181723,1,69.18,1.2195755875438374,16,5.12,5,3,48,113600.0,4
1.7256667163434025,1,86.73,0.0,2,3.96,2,0,23,56800.0,4
7.338550983394529,1,22.55,0.0,14,3.78,0,3,47,83500.0,4
12.88421158892733,1,96.5,1.0528723855916367,3,2.31,1,2,44,105500.0,4
31.387679272149434,1,31.57,0.9553901081430848,11,7.75,1,2,34,88000.0,4
4.528623162576181,1,73.81,0.0,2,5.49,4,1,18,117900.0,4
2.263730555854951,1,29.86,0.0,14,2.63,1,4,43,87600.0,4
19.623418835288927,1,18.28,1.1415431813594186,7,4.4,0,3,54,67300.0,4
2.8075521771126923,1,82.35,0.0,12,4.12,1,4,46,79800.0,4
14.626616671271506,1,38.92,1.2403933269036587,15,3.74,2,4,36,58800.0,4
16.83517837874888,1,58.98,0.0,1,7.3,6,1,23,105600.0,4
21.175967724923108,1,41.39,1.2408934416507296,18,3.01,8,2,52,29900.0,4
15.630418156302557,1,36.37,1.4769195600662939,7,3.73,1,3,19,20000.0,4
15.982728638184565,1,96.27,0.0,4,3.22,4,1,31,66500.0,4
2.406711095761855,1,40.84,1.3373452973639892,9,4.2,1,3,37,80700.0,4
21.9653669376966,1,109.49,0.8658647527189802,12,3.31,4,4,52,134600.0,4
28.136422878218443,1,44.69,0.0,8,2.54,6,2,37,52100.0,4
1.8159991743552777,1,14.47,0.8044491197915904,1,2.21,4,3,35,26400.0,4
33.82584800840317,1,52.14,1.4164566512948615,11,4.08,5,1,21,105000.0,4
21.615874232238383,1,58.54,0.9123696988758427,4,5.88,6,0,51,20000.0,4
23.755735903883583,1,31.44,0.9287688179093554,10,8.26,2,4,39,61800.0,4
17.226206804237815,1,22.33,1.0170195794630337,15,7.26,3,5,34,46400.0,4
15.322317002667532,1,68.65,0.0,9,4.52,6,4,58,49900.0,4
16.38778288608217,1,77.08,1.0828403198860113,11,5.93,5,1,18,56400.0,4
6.8159581957048525,1,49.2,0.6223141061137931,6,2.44,3,0,27,55600.0,4
14.569231139950462,1,46.92,1.1165531061737082,4,4.13,4,0,64,110200.0,4
23.52423574484859,1,80.33,0.0,12,4.41,2,1,18,79000.0,4
18.307285976376324,1,51.98,0.0,3,4.0,3,4,19,230100.0,4
20.42679698095807,1,23.03,0.0,6,2.23,1,3,19,66400.0,4
5.202731688239689,1,64.53,1.0111260247531577,10,7.59,2,1,18,52700.0,4
2.3411306050071903,1,63.0,1.083270165281585,6,4.16,3,0,38,159400.0,4
25.77238833319509,1,49.71,0.6430122934255791,8,5.07,4,3,25,38900.0,4
22.477488628085723,1,16.28,0.7972016084418058,12,3.89,6,2,67,85100.0,4
15.892436403190112,1,92.21,0.9005248253914266,10,6.48,9,4,24,194400.0,4
21.050410771275274,1,43.99,1.0170679551589787,15,4.88,5,2,18,37000.0,4
16.541090442219552,1,80.77,0.6749802062564274,12,5.33,7,5,18,114300.0,4
5.668918876343723,1,48.25,1.0703922148416112,6,6.6,1,1,19,67400.0,4
15.148204056606833,1,24.38,0.0,1,2.5,0,1,36,85000.0,4
1.6153868393882862,1,32.41,1.013161862683309,12,7.1,6,2,37,20000.0,4
3.035946263810689,1,59.81,1.1212474386992577,2,5.91,0,1,33,20000.0,4
26.770870339217346,1,48.15,0.4959303051325953,2,5.23,4,4,18,106800.0,4
0.9725576593911599,1,20.12,0.0,11,5.06,5,2,23,93000.0,4
2.979849014892003,1,75.48,0.0,3,3.03,0,0,18,83100.0,4
10.911980090130445,1,101.81,0.8581456565712302,14,3.22,4,3,37,115500.0,4
15.97536396527657,1,68.62,0.0,16,8.66,3,0,18,48100.0,4
13.599088969345537,1,36.01,0.0,11,3.36,0,4,30,32500.0,4
32.19583638001748,1,53.37,1.0291927016835385,12,7.24,1,1,41,40100.0,4
24.014032634834138,1,94.23,0.9157199793793952,11,2.36,2,0,23,54700.0,4
24.76625273048649,1,37.44,0.985624694082867,3,7.34,1,2,29,20000.0,4
12.12446657127326,1,50.16,0.0,8,6.63,1,1,25,49100.0,4
21.872921210129096,1,47.42,0.6960464234379922,1,1.76,3,1,18,43200.0,4
23.052042639671562,1,72.69,1.2206030949339146,14,3.64,2,4,37,108900.0,4
6.810821813155049,1,39.82,1.147367424821036,5,6.76,2,1,22,74300.0,4
8.429101702342523,1,60.0,0.0,9,5.71,2,2,24,81000.0,4
19.79393191363166,1,75.43,0.0,10,8.32,1,5,45,20000.0,4
18.635075115906314,1,61.55,1.19819923594499,6,5.03,2,5,36,40100.0,4
18.509376673213335,1,86.76,1.2365161084829235,3,2.92,3,1,44,65800.0,4
1.2523828189086041,1,71.63,0.0,16,3.4,2,0,26,71900.0,4
8.25815346025998,1,65.27,0.9591501375841378,10,6.01,0,4,47,59800.0,4
3.4468866295180556,1,61.72,0.8759954101846577,4,4.34,5,5,18,122100.0,4
7.241216568326715,1,79.03,0.0,6,5.19,3,0,24,39400.0,4
21.5775599654077,1,51.13,1.3490206542683851,12,1.38,3,2,18,91600.0,4
19.107120717522243,1,68.56,0.9481582916070471,11,5.21,1,1,18,61100.0,4
23.89667450069368,1,71.17,0.0,1,1.85,2,2,40,101300.0,4
3.7473340888101756,1,37.27,0.0,10,7.27,2,3,19,170600.0,4
7.4619053653901,1,82.44,1.0866256454844678,2,7.91,3,1,18,64900.0,4
4.379307840946478,1,40.23,0.0,3,6.13,2,0,20,87000.0,4
19.762895440697754,1,65.12,0.9399464378345392,10,4.14,8,0,19,178100.0,4
6.882315120987652,0,66.49,0.0,5,3.34,1,0,35,48300.0,4
30.71755720732321,1,62.52,0.0,21,7.18,5,3,60,86800.0,4
13.010242613098288,1,89.85,1.167234585293529,8,4.32,4,4,56,107700.0,4
4.976104212390434,1,46.48,0.0,6,5.55,0,3,33,50400.0,4
8.04210927573339,1,95.06,0.0,4,4.9,1,1,34,67000.0,4
31.45338940024493,1,61.48,1.2586474104699215,5,4.5,1,2,19,93300.0,4
16.706126526777044,1,63.4,1.236948779741336,8,3.48,4,0,39,123200.0,4
14.447466739246888,1,81.55,0.9920715844210173,11,5.12,0,3,30,104100.0,4
5.832820174984272,1,113.77,0.0,2,3.5,5,2,51,130000.0,4
26.77067498137228,1,44.94,0.0,11,2.56,1,0,18,20000.0,4
11.364932154636772,1,64.12,0.0,10,4.94,3,5,18,47500.0,4
28.785963523773148,1,35.42,0.0,6,3.26,5,1,36,126900.0,4
17.409067875196737,1,24.86,0.0,7,5.7,3,1,54,47400.0,4
14.096216375560676,1,28.53,0.0,5,3.96,5,0,49,52100.0,4
5.682815169996829,1,62.8,1.2006749410512518,6,2.43,1,4,18,84300.0,4
11.463926604611236,1,35.89,1.138365758262347,2,2.43,4,3,32,111600.0,4
32.18370326850226,1,47.46,0.0,12,3.73,1,2,40,57900.0,4
4.8360740232444845,1,41.22,1.2007603779271065,11,3.4,7,2,25,20000.0,4
24.76985437461446,1,26.04,0.0,7,2.6,2,4,52,102000.0,4
22.240281070409985,1,43.58,0.0,3,6.58,0,3,21,165200.0,4
12.376285599925225,1,93.47,0.0,8,4.15,5,3,34,77600.0,4
13.687690299515271,1,35.52,0.0,2,4.18,5,2,30,115700.0,4
16.066200946088113,1,61.14,1.2629327461950755,7,4.29,4,0,18,176600.0,4
23.24101529006571,1,20.35,0.0,9,6.76,1,1,29,110900.0,4
6.491718732856697,1,40.25,0.0,1,7.95,3,3,42,86100.0,4
26.487235604683146,1,91.69,0.8832878904207853,3,3.15,2,2,35,170700.0,4
2.076596928898085,1,58.17,0.8549094466621816,3,5.96,1,2,21,33500.0,4
24.66759031653692,1,53.43,1.1994509256116486,16,3.17,4,4,21,96200.0,4
20.84155554893823,1,45.71,0.7128995810924905,12,7.03,3,0,33,42300.0,4
21.130008707463187,1,86.95,0.0,8,3.24,4,4,26,87400.0,4
2.635825333145031,1,63.51,0.0,1,6.7,6,1,36,106400.0,4
12.64511912892811,1,33.4,0.8696671982029942,12,3.23,0,4,46,106200.0,4
15.436119674515815,1,74.72,0.0,7,6.37,2,0,31,64900.0,4
6.386383093942939,1,61.5,0.0,13,8.98,1,4,34,102100.0,4
15.045450704772815,1,62.91,0.0,12,3.19,6,0,46,67300.0,4
28.33677642227339,1,57.82,1.1962278307143368,6,5.53,2,3,18,80700.0,4
7.861195626494109,1,34.2,0.0,8,6.1,3,0,44,141000.0,4
6.092063792750304,1,28.59,0.0,11,6.48,1,2,45,164900.0,4
15.822087275860397,1,36.55,1.0318563648301118,16,7.54,4,1,36,67000.0,4
7.11219966303539,1,28.84,0.9717370939288864,1,4.39,5,1,27,20000.0,4
15.719496254811116,1,73.69,0.0,8,6.96,1,5,22,113600.0,4
4.030714563838963,1,71.94,1.008374010053377,2,2.49,2,1,32,20000.0,4
8.097035978166376,1,28.32,0.7532364396451944,8,4.66,3,0,66,104000.0,4
1.617200605863894,1,61.22,0.0,12,4.76,2,1,20,134600.0,4
10.576671039148664,1,90.68,0.0,10,2.09,5,1,29,101800.0,4
10.963255476302994,1,79.48,0.0,4,1.5,4,3,59,48900.0,4
4.689900684930797,1,99.52,0.9417672459147317,11,3.46,3,3,20,20000.0,4
11.25077604640032,1,39.37,0.9613855135533317,11,6.18,3,3,44,51900.0,4
22.340253204288928,1,122.36,0.0,5,3.41,6,4,30,131100.0,4
11.607521395800653,1,100.69,0.7786150334065398,7,4.15,1,3,39,98400.0,4
47.808426016255886,1,44.35,1.0318838762898148,13,6.29,2,4,34,84800.0,4
8.068089805914255,1,39.44,0.0,14,8.43,4,3,19,20000.0,4
26.846450163256776,1,47.57,1.114999295795274,18,3.65,1,3,44,54500.0,4
16.820755807959312,1,69.24,1.0651701275705276,4,9.16,1,1,18,69500.0,4
18.804758014153382,1,48.39,0.8859849321630693,8,2.25,1,4,18,95000.0,4
10.356773724207727,1,29.6,1.1534878254002379,11,3.86,0,4,54,55500.0,4
10.140754671314749,1,62.2,0.0,1,2.0,6,0,45,90000.0,4
29.129618765119215,0,28.7,0.0,12,7.78,3,5,18,146400.0,4
21.870304226951376,1,46.34,0.0,3,5.58,2,3,31,132500.0,4
6.175851437321162,1,57.41,0.0,2,3.75,4,2,35,129000.0,4
32.01452539498893,0,117.55,0.6155371625054333,7,8.75,7,6,35,74300.0,4
1.0860778724458426,1,44.56,0.0,11,6.63,6,2,33,20000.0,4
2.902626566509423,1,44.19,0.0,7,2.96,2,0,23,20000.0,4
0.8320799426504419,1,58.74,0.7120603670829582,4,5.64,4,3,36,60500.0,4
1.4499334041583611,1,93.07,0.0,9,4.91,5,0,58,122100.0,4
15.994742137577067,1,71.17,0.9372438591524208,10,4.79,2,0,18,67500.0,4
7.145863411534042,1,44.74,1.20904151640645,3,7.23,6,4,24,110100.0,4
15.312400164064021,1,82.45,0.0,9,4.12,6,0,50,59600.0,4
18.95394441636927,1,70.33,0.0,14,5.31,1,2,57,103700.0,4
18.91395230548178,1,64.65,0.0,1,2.64,7,4,40,197300.0,4
16.657307522870912,1,38.8,0.0,6,6.45,4,3,53,75900.0,4
9.195307710358131,1,60.57,0.0,3,2.81,4,3,18,70200.0,4
2.8240843467581738,1,23.92,1.0507982844738615,10,6.88,0,3,42,49600.0,4
28.677674788875862,1,50.05,0.0,6,3.45,0,4,18,78600.0,4
7.560424569981782,1,54.31,0.0,14,5.36,2,2,21,56200.0,4
2.6830655964073378,1,29.65,0.0,11,6.35,5,2,32,115300.0,4
14.226552144151746,1,110.59,0.8363049827739664,5,11.33,0,2,24,58400.0,4
11.585104619088659,1,78.21,0.8864172379024345,3,4.49,1,2,18,137100.0,4
11.174612778007912,1,27.87,0.0,9,5.13,3,1,33,47200.0,4
0.6368136007960354,1,69.84,0.8240652373170726,6,6.98,2,0,18,51400.0,4
18.471014967723136,1,27.54,1.1806461242254773,1,7.26,1,2,18,109400.0,4
37.083550273625136,1,41.5,0.9866082219369509,17,7.6,3,3,27,20000.0,4
29.39842091243375,1,96.57,0.0,10,3.26,3,3,18,68500.0,4
23.454590607075584,1,35.27,0.0,11,2.08,6,1,18,20000.0,4
15.567298639233126,1,28.09,0.0,9,3.79,4,0,52,20000.0,4
15.161378633542196,1,54.69,0.7704014209991913,5,3.28,1,1,18,20000.0,4
22.7349638203787,1,46.11,0.0,2,3.97,5,3,72,44200.0,4
22.10331933618696,1,49.59,0.0,8,3.63,3,0,41,61000.0,4
1.955094493123481,1,49.16,0.9920952307670352,12,6.05,1,3,18,86600.0,4
36.89143012144356,1,91.74,0.0,7,7.53,2,1,18,54900.0,4
12.375959095982173,1,44.62,0.0,17,9.73,5,0,61,158000.0,4
16.093146091667972,1,31.97,0.0,10,3.16,6,0,18,63000.0,4
14.888298591267297,1,63.5,1.1111716918634813,1,4.84,1,2,25,60200.0,4
10.039164363861845,1,89.71,0.0,12,2.71,6,4,24,121700.0,4
28.598472496229174,1,50.36,0.0,4,3.84,2,1,38,180600.0,4
18.412734561256265,1,69.0,0.0,6,3.25,3,3,41,98700.0,4
18.44348833329625,1,42.7,0.0,5,7.43,2,3,47,84700.0,4
0.9823479539729918,1,61.09,0.8456690812256109,16,3.98,3,1,23,84900.0,4
11.170716633650372,1,32.01,0.7693479654649482,1,5.48,6,1,18,128900.0,4
19.293291199944,1,23.21,0.0,2,5.52,3,3,18,49500.0,4
17.387005916802426,1,78.71,0.896950855658556,2,6.21,4,1,22,128900.0,4
31.745288465388427,1,48.43,0.0,7,1.83,5,2,48,110300.0,4
19.17767992928873,1,99.08,1.2465087572415925,13,9.06,6,1,30,46500.0,4
6.694844261054978,1,108.18,0.0,19,9.45,5,1,18,90900.0,4
4.424367031951231,1,38.36,1.0920090781767113,2,6.53,6,2,18,49300.0,4
25.58213195127507,1,77.86,0.0,9,3.96,0,1,18,32200.0,4
1.203422910228901,1,98.75,0.0,7,6.89,3,4,40,37100.0,4
1.4570417243321812,1,103.07,0.0,1,4.4,3,2,34,89300.0,4
2.669390339679836,1,33.71,1.0872196385195945,6,5.71,2,3,18,121000.0,4
30.574409481220787,1,22.84,0.8574899929596177,4,3.98,4,1,38,68700.0,4
20.694340518867463,1,40.13,0.0,8,6.73,2,5,38,40200.0,4
26.3685407657003,1,58.94,0.0,13,4.14,3,4,34,89100.0,4
30.30322439117699,1,90.96,0.5835268419891827,11,6.09,0,2,20,152800.0,4
10.042305484561574,1,31.48,0.0,14,4.95,1,2,26,63100.0,4
14.811351837718483,1,61.15,1.0500885187031905,6,5.06,4,4,31,87000.0,4
3.7178222173763595,1,69.35,0.0,6,4.82,2,3,18,123400.0,4
10.709512689739073,1,23.79,0.9158132870832468,10,4.36,2,5,35,66600.0,4
8.04170817645103,1,38.08,0.0,14,3.54,2,4,18,113200.0,4
21.16588430302428,1,19.27,0.5152834374337543,4,4.63,1,3,18,34900.0,4
0.8260158544709931,1,97.67,0.0,10,5.1,8,0,41,98100.0,4
29.660663265091568,1,51.42,0.8025112131860327,1,4.74,2,3,35,52400.0,4
17.04569828072158,1,72.67,1.1425324064254014,8,8.65,0,1,24,115600.0,4
10.27204382948397,1,43.51,1.3451996004188675,9,8.58,6,2,40,20000.0,4
15.363842365523663,1,52.24,0.7267073457927067,11,1.9,2,0,29,115900.0,4
15.74314186696355,1,54.24,0.883595493992189,3,3.45,5,5,21,20000.0,4
1.028225670239351,1,82.0,0.0,2,2.93,4,1,18,55400.0,4
29.908949182845348,1,77.38,1.0221761005785674,2,2.95,6,3,30,105700.0,4
2.6255845347438815,1,23.49,0.9466068107632877,5,3.84,1,0,18,116000.0,4
27.980509184048024,1,86.37,0.0,14,2.22,1,2,18,60800.0,4
18.91348808102412,1,48.12,0.0,8,7.54,6,3,23,42800.0,4
23.797017806099724,1,29.68,0.0,8,8.93,6,0,28,49900.0,4
0.9502057683097677,1,17.41,0.6931638078625557,8,5.39,3,1,18,20000.0,4
5.733306400477007,1,37.64,0.0,6,4.7,5,0,34,57000.0,4
27.30972113125373,1,33.59,0.9201347233240584,11,7.54,7,1,32,49300.0,4
8.300242267208507,1,88.52,0.0,11,2.31,4,0,36,27400.0,4
11.197989102100287,1,101.62,1.2194355100764591,2,6.85,5,4,18,78500.0,4
20.895879495324877,1,39.25,1.0022336019012656,8,4.81,7,2,18,78200.0,4
4.430096093490754,1,75.43,1.4349675414126362,16,1.4,2,3,18,20000.0,4
11.45394966167662,1,59.64,0.9040474368390643,1,3.35,1,3,21,33400.0,4
